iter	Accuracy	MultiClass	Precision:class=0	Precision:class=1	Precision:class=2	Precision:class=3	Precision:class=4
0	0.4609133346	1.535519975	0	0	0.4033662822	0.4071272513	0.5791515259
1	0.4602197824	1.479197617	0	0	0.4033662822	0.405306122	0.6030430638
2	0.462997756	1.434054187	0	0	0.4032192825	0.4101024341	0.5882693901
3	0.4637431782	1.397298326	0	0	0.3985764131	0.4122073406	0.5909834633
4	0.4634438799	1.36692237	0	0	0.3985764131	0.4118498723	0.5927799637
5	0.4637431782	1.341463713	0	0	0.3987254732	0.4121802281	0.5908131169
6	0.4641054316	1.319785605	0	0	0.3990245515	0.4119034957	0.595949182
7	0.4644783519	1.301397688	0	0	0.3983676021	0.4130184173	0.5957059431
8	0.4651097856	1.285740161	0	0	0.3988255891	0.4134455743	0.5943530908
9	0.465134884	1.272207004	0	0	0.3990264844	0.4134122187	0.5937783997
10	0.4652476176	1.26059722	0	0	0.3995193575	0.4134563943	0.5937038068
11	0.4653158015	1.250553681	0	0	0.4000119188	0.4134098731	0.5930962919
12	0.4655747333	1.241850709	0	0	0.4011815124	0.4134017272	0.5923707128
13	0.4657297158	1.234208668	0	0	0.4013220099	0.4135244558	0.5934270011
14	0.4656563031	1.227715086	0	0	0.4008019385	0.4136320738	0.5916625082
15	0.4660321515	1.22210089	0	0	0.4013277923	0.4138817471	0.5932347645
16	0.4661394471	1.217098885	0	0	0.4014592014	0.4139235551	0.593926273
17	0.4664069541	1.212774537	0	0	0.4014728437	0.4142078942	0.5938985542
18	0.4666560556	1.208890561	0	0	0.4015253464	0.4143840933	0.5943169085
19	0.4668863334	1.205476657	0.4565217391	0	0.4018151058	0.4147106475	0.5946074977
20	0.4669984395	1.202533348	0.4565217391	0	0.4018706109	0.4148511185	0.5947975135
21	0.4672506783	1.200000502	0.4565217391	0	0.4021893673	0.4150249853	0.5947547793
22	0.4673937392	1.197758484	0.4565217391	0	0.4024665146	0.4151547008	0.5941202194
23	0.4675353359	1.195829149	0.4565217391	0	0.4028208814	0.4152269459	0.5947243585
24	0.467721064	1.194152786	0.4565217391	0	0.4031280558	0.4154025183	0.5945255901
25	0.4677597574	1.192627954	0.4565217391	0	0.4032027617	0.4154036298	0.5949409264
26	0.4678908965	1.191312171	0.4565217391	0	0.4032131527	0.4155291673	0.5949571343
27	0.4680726506	1.189992728	0.4565217391	0	0.4032296393	0.4158148732	0.5947893574
28	0.4682065087	1.188889967	0.4565217391	0	0.4033955941	0.4158386165	0.5951446267
29	0.4683522885	1.187956725	0.4565217391	0	0.4035841852	0.4159041387	0.5952536311
30	0.4685323695	1.18711321	0.4565217391	0	0.4036834021	0.4160489959	0.5953835222
31	0.4686469855	1.186371867	0.4565217391	0	0.403748387	0.4162220611	0.5951484429
32	0.4687436143	1.185745662	0.4565217391	0	0.403975259	0.4162660272	0.5952006037
33	0.4688279031	1.185208661	0.4565217391	0	0.4040484498	0.4163693811	0.5952194751
34	0.4690167684	1.184466899	0.4402985075	0	0.4041165372	0.4165084292	0.5953604047
35	0.4691138156	1.183940042	0.4402985075	0.3125	0.404235985	0.4165824949	0.5956384025
36	0.4691849277	1.183458466	0.4402985075	0.275862069	0.4044701316	0.4165921417	0.59563712
37	0.4692390984	1.183075611	0.4657534247	0.3333333333	0.4045649014	0.4166287433	0.5956258191
38	0.4694273363	1.182619134	0.48	0.3055555556	0.4045406143	0.4168255554	0.5957334143
39	0.4694961477	1.182165899	0.4657534247	0.3055555556	0.4045308986	0.416930637	0.5956463887
40	0.4695277299	1.181874653	0.4950980392	0.2666666667	0.40449078	0.4170019879	0.5954183354
41	0.4695929857	1.181524217	0.4725738397	0.3082191781	0.4046588756	0.4170140914	0.5955685373
42	0.4697410662	1.181160918	0.4768518519	0.3120567376	0.404916369	0.4171456735	0.5958143698
43	0.4698755517	1.18077367	0.4695652174	0.3128834356	0.4049065819	0.4173185225	0.5958169576
44	0.4700798945	1.180360697	0.4713114754	0.3184357542	0.4052545605	0.4174178838	0.5960410648
45	0.4702263017	1.179890416	0.4615384615	0.3116883117	0.4052533567	0.4175845488	0.5961271255
46	0.4703143553	1.179571458	0.4577464789	0.3431635389	0.4052822186	0.4176784939	0.5961258275
47	0.4704576252	1.179256473	0.4567474048	0.3323353293	0.4054446319	0.4177548885	0.5963150625
48	0.470531038	1.179069908	0.4493243243	0.3353535354	0.4056047954	0.4178142421	0.5962345112
49	0.470610098	1.178864624	0.4470198675	0.328358209	0.4056991687	0.4178587177	0.5964479115
50	0.4707058902	1.178616882	0.4507936508	0.3294930876	0.4057457455	0.4179215251	0.5966621542
51	0.4708125583	1.178390474	0.4495412844	0.3497652582	0.4058484911	0.4179743517	0.5968011362
52	0.4708958013	1.178109267	0.4301369863	0.3441860465	0.4058071122	0.4180667667	0.5968187208
53	0.4710620782	1.17767381	0.4244791667	0.3505291005	0.4060789561	0.418218443	0.5968755333
54	0.4711536873	1.177511507	0.5240310078	0.351452671	0.4062196228	0.4182946885	0.5969150562
55	0.4712452964	1.177301413	0.5186846039	0.3446379468	0.4062352887	0.4184168114	0.5969015674
56	0.4712948657	1.177157515	0.5195599022	0.3492496589	0.4063760142	0.4184430305	0.5969555551
57	0.4713603307	1.176916571	0.508988764	0.356969697	0.4063416235	0.4185014051	0.5969999148
58	0.4714914698	1.176737117	0.5067114094	0.358629131	0.4064182484	0.4185881771	0.5971728824
59	0.4715573531	1.17658956	0.5107344633	0.3597785978	0.4064937004	0.4186276949	0.5973383989
60	0.4717177736	1.176241424	0.4973544974	0.3536201469	0.4068044137	0.418745108	0.5974454002
61	0.4718432656	1.1759461	0.4989711934	0.3494516451	0.4069295012	0.4188405503	0.5976232485
62	0.4719704307	1.175504472	0.4970873786	0.3480441324	0.4069335302	0.4189294679	0.5979078531
63	0.4720685236	1.17523958	0.4893617021	0.3460986118	0.4069563331	0.4190395965	0.5979329059
64	0.4721582504	1.175001563	0.4850352113	0.3448436771	0.4070173236	0.4191350422	0.5980137984
65	0.4722377286	1.174915915	0.519278607	0.3368780858	0.4072256198	0.4192021298	0.5979776744
66	0.4723799528	1.174681768	0.5165521549	0.3371876166	0.4074185436	0.4193015879	0.5981318844
67	0.4724631958	1.174433399	0.5159509202	0.3382022472	0.4074197745	0.419361027	0.598356777
68	0.4725255235	1.174344299	0.5399296836	0.340161182	0.4076556943	0.4193936491	0.5982849317
69	0.4726033285	1.174194859	0.5375751503	0.3394555592	0.4077314765	0.4194496276	0.5983740435
70	0.4726752772	1.173967196	0.5303104978	0.3375796178	0.4077859933	0.4195254198	0.5985235994
71	0.4727913573	1.173781259	0.5307289185	0.3406560337	0.4079174205	0.4196214673	0.5985120023
72	0.4728225211	1.173635165	0.5296348981	0.3427102238	0.4079402555	0.4196304961	0.5985198632
73	0.4729482222	1.173395998	0.5259953162	0.3419279226	0.408048695	0.4197099466	0.5987781675
74	0.47304757	1.173207656	0.526364909	0.3426900585	0.40815927	0.4197864993	0.5988791447
75	0.4731013224	1.17303615	0.5248161765	0.3431176973	0.4081164429	0.4198613671	0.5989600543
76	0.4731412707	1.172921953	0.5253924284	0.3439363817	0.4081184853	0.4198965315	0.5990341252
77	0.4731956505	1.17277314	0.5245977011	0.3450127155	0.4081640242	0.4199262938	0.5992428262
78	0.473261743	1.172671073	0.5203804348	0.3434650456	0.4082692583	0.4199969658	0.5992186889
79	0.4732855864	1.172570575	0.5131355932	0.3399491094	0.4084125911	0.420008821	0.5991713317
80	0.4733715484	1.172315722	0.5145348837	0.3403773585	0.4083352674	0.4200904414	0.5993761371
81	0.4734368042	1.172195459	0.5130399348	0.339121806	0.4083441501	0.4201439932	0.5994901098
82	0.4734976678	1.172103536	0.5149162239	0.3399209486	0.4084077196	0.420195441	0.5996020623
83	0.4735677342	1.171926278	0.5140788415	0.3368802902	0.4085571715	0.4202690626	0.5996082543
84	0.4736555785	1.171772028	0.5096040768	0.3345855835	0.408596157	0.4203366465	0.5996943345
85	0.4737283639	1.171605542	0.5073757764	0.3353802551	0.4086285718	0.4204160876	0.5997758853
86	0.4737837895	1.17151226	0.5182531559	0.3415007657	0.4087787229	0.4204549382	0.5997487316
87	0.4738229012	1.171424206	0.5090439276	0.3455836292	0.4088963025	0.4204716324	0.5997424144
88	0.4739109547	1.171231367	0.50841537	0.3463664278	0.4089316373	0.4205346856	0.5999134534
89	0.4739862498	1.171097404	0.5058121269	0.3460848775	0.409022304	0.4206277417	0.5999118523
90	0.4740040279	1.171005586	0.5057758352	0.3454077593	0.4090320637	0.4206475996	0.5999190584
91	0.4740688654	1.170895885	0.5035859058	0.3444709626	0.4091143226	0.4206891969	0.6000220008
92	0.4741288924	1.170762654	0.5036945813	0.3466324314	0.4091718282	0.4207218171	0.6001451955
93	0.4741849454	1.170639986	0.50243309	0.3467821295	0.4092232254	0.4207732588	0.6002234371
94	0.4742541752	1.17047852	0.5	0.3457394711	0.4092114254	0.4208224065	0.6003428936
95	0.4743254964	1.170398205	0.5050866098	0.3458197611	0.4094673728	0.4208512103	0.6003726193
96	0.4743725559	1.170258386	0.5038335159	0.3445530221	0.4094608114	0.4208953168	0.6004415551
97	0.4744062296	1.170170437	0.4982863169	0.3446943078	0.409554936	0.4209288584	0.6003959265
98	0.4744474328	1.170064501	0.4960588544	0.3436565194	0.409582779	0.420967232	0.6004616195
99	0.4745131069	1.16997582	0.4953343701	0.3432784042	0.4095983142	0.4210491906	0.6005727602
100	0.4745919577	1.169813726	0.4923555325	0.3426005871	0.4096874012	0.4211213369	0.6006478853
101	0.474638808	1.169719189	0.4917398038	0.3424704471	0.4097263557	0.4211539219	0.6006804217
102	0.4747203778	1.169587213	0.4910210364	0.3429602888	0.4097632027	0.4212179903	0.6008240226
103	0.4747939997	1.169536598	0.5113960114	0.341540404	0.4099658489	0.4212579698	0.6008342895
104	0.4748410592	1.169413302	0.5099620493	0.3413022963	0.4100558571	0.4213022518	0.6008699705
105	0.4748977397	1.169291889	0.5058548009	0.3409055056	0.4101442277	0.4213623038	0.6008837773
106	0.4749416619	1.169188358	0.5064478312	0.3411949686	0.4102582993	0.4213855301	0.6009018309
107	0.4749870482	1.169074474	0.5052680871	0.341627543	0.4101805894	0.4214349895	0.6009633022
108	0.4750569054	1.168986734	0.5026787794	0.3403590945	0.4102466683	0.4214968627	0.601029293
109	0.4750763566	1.168916563	0.4986251146	0.3399635591	0.410282986	0.4215150934	0.6010581681
110	0.4751114944	1.168851516	0.4962882096	0.3437642412	0.4103844838	0.4215230078	0.6010552952
111	0.4751656651	1.168740561	0.4964262508	0.3430075188	0.4104868737	0.4215620759	0.6011928537
112	0.4752641763	1.168576271	0.4966645147	0.3434540809	0.4105814749	0.4216608025	0.6012685136
113	0.4753051703	1.168479224	0.4982751186	0.3445126516	0.4106167909	0.4216939493	0.6013113065
114	0.4753543213	1.168333862	0.495503212	0.3439452544	0.4105711624	0.4217433325	0.6014227685
115	0.4753884133	1.168280528	0.4938297427	0.3429491873	0.4106471224	0.4217795226	0.6013481599
116	0.4754743753	1.168186723	0.4943679599	0.3420629115	0.4107837856	0.4218444576	0.6014464125
117	0.4755216439	1.168097101	0.4934388669	0.3428152493	0.4108690911	0.4218873737	0.6015133708
118	0.4755971482	1.167931347	0.4947194036	0.3441758242	0.4109216908	0.4219303877	0.6016724591
119	0.475626848	1.167822169	0.4929634917	0.3424277794	0.4108714457	0.4219659114	0.6017210155
120	0.4756743258	1.167723971	0.4928571429	0.3419938695	0.4109422907	0.4219957425	0.6017719446
121	0.4757657258	1.167623473	0.4916700528	0.3415523782	0.411041761	0.4220781298	0.6018799706
122	0.4758541976	1.167503942	0.4924979724	0.3427865038	0.4111603651	0.4221521477	0.601948708
123	0.4758757404	1.167441614	0.491648219	0.3429184549	0.4111952073	0.4221834626	0.6019209494
124	0.4759029303	1.167381378	0.4908657665	0.3418273969	0.4112391666	0.4222139487	0.6019275218
125	0.4759573101	1.167292174	0.4895688456	0.3422875725	0.4112314661	0.42226536	0.6020126359
126	0.4759663037	1.167259233	0.4898902369	0.3397548161	0.4113307277	0.4222665768	0.6020398208
127	0.4760079252	1.167170761	0.4892555641	0.3406371824	0.4113730489	0.4222989264	0.6021042832
128	0.476029468	1.167094211	0.4878886134	0.3405631146	0.411355283	0.4223118012	0.6021234425
129	0.4760692071	1.166994968	0.4876331811	0.3406460296	0.411427231	0.4223391865	0.6022023913
130	0.4761164758	1.166940692	0.4860055607	0.3414926167	0.411514474	0.422396688	0.6021264508
131	0.4761229595	1.166872299	0.4849094567	0.3402969386	0.4115584923	0.4223993151	0.602047198
132	0.4761804767	1.166774415	0.4854847544	0.3396746261	0.4116218415	0.4224620917	0.6020657933
133	0.4762308826	1.166663773	0.4832055495	0.3398070907	0.411637677	0.4225176299	0.6021306731
134	0.4762494972	1.166606779	0.4824385805	0.3399791504	0.4116654426	0.4225303282	0.6021933604
135	0.4763329494	1.166490804	0.4838881965	0.3404975902	0.4116163202	0.4226348844	0.6023026316
136	0.4763519823	1.166410698	0.4818470215	0.3421154093	0.4116535083	0.4226644787	0.6022248368
137	0.4763852377	1.166357468	0.4832156998	0.3427580003	0.4116931481	0.4226795591	0.6022786321
138	0.4764107544	1.166227061	0.4833106267	0.3432509016	0.4116686645	0.4226911198	0.6023436205
139	0.4764404542	1.166170067	0.483718576	0.3427476038	0.4116955915	0.422719526	0.6023805626
140	0.4764751736	1.166136498	0.4837520938	0.3439067202	0.4117765481	0.4227534923	0.6023816482
141	0.4764900235	1.166079922	0.4837846874	0.3440597088	0.4117962032	0.422773897	0.6024087011
142	0.4765243246	1.166039242	0.4853723404	0.3459663661	0.411841471	0.4228072115	0.6024164855
143	0.476537083	1.16593592	0.4852159468	0.3462100902	0.411835763	0.4228151238	0.6024430737
144	0.4766050578	1.16582737	0.4849037823	0.345891246	0.4118550834	0.4228875011	0.6024983192
145	0.4766569278	1.16570627	0.4846828945	0.3461491666	0.4119031835	0.4229488969	0.6025194307
146	0.4767679882	1.165584229	0.4861502737	0.3467947938	0.4120405935	0.4230296819	0.6026405604
147	0.4768123287	1.165489587	0.4861294584	0.347714808	0.412033234	0.4230584034	0.60273389
148	0.4768577149	1.16538135	0.4851973684	0.3466455619	0.4121188099	0.423102537	0.6027734273
149	0.4768694275	1.165361794	0.4843826656	0.3466666667	0.4121604524	0.4231217724	0.6027558813
150	0.4769156504	1.165290159	0.4847840314	0.3462922966	0.4121947689	0.4231624828	0.6028135147
151	0.4769597817	1.165172511	0.4850416871	0.347173887	0.4122580469	0.423190802	0.6028774721
152	0.4770463712	1.165015855	0.4839654892	0.3468138726	0.4123116563	0.4232830728	0.6029788454
153	0.4770589204	1.164952481	0.4837720006	0.346717961	0.4122905115	0.4232978896	0.6030464598
154	0.47710347	1.164888062	0.4828530027	0.3472321216	0.4122592855	0.4233334736	0.6031901731
155	0.4771574315	1.164788505	0.4828530027	0.3475168899	0.4122989861	0.4233780967	0.6032664321
156	0.4771783469	1.164703066	0.4837268666	0.3476151024	0.4123085122	0.4233880396	0.6033300182
157	0.4772141121	1.164645549	0.4834901898	0.3477079395	0.4123565553	0.4234144393	0.6033725501
158	0.4772325176	1.164589705	0.4858280255	0.3494103774	0.412358517	0.4234496293	0.6033010787
159	0.4772668187	1.164499769	0.4857461379	0.349387659	0.4123782978	0.4234709925	0.6033863728
160	0.4773086493	1.164413807	0.4856052171	0.3497345133	0.4124231346	0.4235103442	0.6034259431
161	0.4773264274	1.164332969	0.4835614283	0.3499528524	0.4124338834	0.4235201229	0.6034666668
162	0.4773739052	1.164244707	0.4841707355	0.3499059709	0.4125382676	0.4235552473	0.6034595384
163	0.4774033958	1.164161778	0.4836990596	0.3500411813	0.4126110947	0.4235882431	0.6034337161
164	0.4774471088	1.164073306	0.4838407494	0.3494825964	0.4126378809	0.4236353788	0.6034433344
165	0.477482874	1.163966115	0.4841431026	0.3497479189	0.4126878702	0.4236695017	0.6034587057
166	0.4775263779	1.16387576	0.4850093691	0.3500937647	0.4127515429	0.4236894879	0.6035367412
167	0.4776221701	1.163758321	0.4840260546	0.3500880799	0.412826041	0.4237583739	0.6036876171
168	0.47763702	1.163681666	0.4838109992	0.3490832158	0.412868942	0.4237718198	0.6036769407
169	0.4776872167	1.163593194	0.4825563446	0.3487715999	0.412915869	0.4238171977	0.6037483746
170	0.4777269559	1.163526997	0.4820576005	0.348918761	0.4129305623	0.4238480867	0.6038359323
171	0.4777692048	1.163467702	0.4820410051	0.3493806964	0.4129498303	0.4238903712	0.6038648812
172	0.4777566556	1.163441663	0.4813335382	0.3485734331	0.4129363604	0.4238872235	0.603803887
173	0.477774852	1.163392826	0.4811856858	0.3486495966	0.4129575357	0.4238994902	0.6038170904
174	0.4778277677	1.163292118	0.4792209784	0.3481923482	0.4130047948	0.4239576217	0.603871428
175	0.4778626963	1.16321996	0.4794373949	0.3481881084	0.4129903134	0.4239973355	0.6039151814
176	0.4779003439	1.163133685	0.4806579348	0.3486076842	0.4129774359	0.4240217812	0.6039990299
177	0.4779340176	1.163091854	0.4851739788	0.3486249001	0.4130561902	0.4240408468	0.6040280472
178	0.4779603709	1.163065187	0.486888627	0.3494926719	0.4131346281	0.4240567187	0.6040338419
179	0.4779959269	1.162980271	0.4866018846	0.3497187852	0.413201017	0.4240950274	0.6040335873
180	0.4780488427	1.162883851	0.4860703812	0.3498086017	0.4132752728	0.4241361369	0.6040828513
181	0.478073732	1.162821001	0.4853835022	0.350100829	0.4133177875	0.4241587326	0.6040531324
182	0.4781097063	1.162756268	0.485540775	0.3494798076	0.4133656449	0.4242015431	0.6040441782
183	0.4781676418	1.16269645	0.4852496762	0.3508358577	0.4134822306	0.4242537447	0.6040604613
184	0.4781760079	1.162667691	0.4852393236	0.350861688	0.4134599227	0.4242658821	0.6040472806
185	0.4782096816	1.162605991	0.4852266208	0.3506507831	0.4134768611	0.4242970963	0.6040810652
186	0.4781996422	1.162559873	0.4850093243	0.3503536693	0.4134432368	0.4242810631	0.6041015638
187	0.4782385447	1.162512395	0.4843414843	0.3502967685	0.4135407975	0.4243222841	0.6040797294
188	0.478260715	1.162482172	0.4842239909	0.3507462687	0.4135740391	0.4243424659	0.6041162906
189	0.4783088202	1.162408864	0.4835727493	0.3511198946	0.4135647205	0.4243973698	0.6041621681
190	0.4783291081	1.162353648	0.4818491208	0.3507306889	0.4135751091	0.4244115391	0.6042007275
191	0.4783669648	1.162310562	0.4816338108	0.3503513395	0.4136429496	0.4244488719	0.6042477296
192	0.4784090046	1.162254091	0.4814971751	0.3506921556	0.4136710781	0.4244876914	0.604303628
193	0.4784041941	1.162160076	0.4816384181	0.3501317523	0.4136000526	0.4244786744	0.6043431024
194	0.4784495804	1.162098899	0.4812804454	0.3495827844	0.4136817434	0.424506189	0.6043960271
195	0.4784663126	1.162067944	0.4839023036	0.3526401742	0.4136794593	0.4245181411	0.6043861508
196	0.478510444	1.162001747	0.4841126682	0.3520391517	0.4137371092	0.4245616807	0.6044177357
197	0.4785445359	1.161917249	0.4846719379	0.3525438501	0.4137525788	0.4245939212	0.6044579202
198	0.4785851117	1.161836621	0.4844746327	0.3522813895	0.4137803524	0.4246275666	0.6045053019
199	0.4786030989	1.161795104	0.4836122251	0.3526407303	0.4137862652	0.4246607596	0.6045018724
200	0.4786694004	1.16172692	0.4829969588	0.3519001086	0.4138951727	0.4247210305	0.6045279094
201	0.4786750476	1.161697848	0.483130531	0.3515506398	0.4138965458	0.42472193	0.6045628633
202	0.4787080938	1.161620565	0.483577146	0.3515243572	0.413883515	0.4247581932	0.6046293723
203	0.4787398851	1.161554055	0.4834528406	0.3520086862	0.4139129003	0.4247859256	0.6046481354
204	0.4787484604	1.161500511	0.4829059829	0.353234911	0.4139465952	0.4247860252	0.6046416106
205	0.4787298457	1.161446132	0.4838798567	0.3526099199	0.4139230232	0.4247572738	0.6046256457
206	0.4787503427	1.161413085	0.4842595127	0.3520808689	0.4139810134	0.4247679455	0.6046178557
207	0.4787695848	1.161377739	0.4848070079	0.3523973339	0.413994533	0.424777436	0.6046443417
208	0.4787835981	1.161336326	0.4848402076	0.3527888661	0.4139734856	0.4247987941	0.6046435114
209	0.4787986572	1.161313424	0.4855899946	0.3526747196	0.4139987514	0.4248083689	0.6046509119
210	0.4788143436	1.161255488	0.4862585034	0.3520336606	0.4139966642	0.4248133256	0.6046926163
211	0.4788574292	1.161213239	0.4861923548	0.3521293801	0.4140150419	0.4248591041	0.6047325902
212	0.4789007239	1.16113031	0.4843603168	0.3526434801	0.4141038493	0.4248798279	0.6047907825
213	0.4789274956	1.161073211	0.4855391177	0.3522262852	0.414138841	0.4248997784	0.6048211175
214	0.4789452736	1.161043093	0.4880031991	0.3542967909	0.4141567098	0.4249159723	0.6047734775
215	0.4789517573	1.161001263	0.488120662	0.3540839326	0.4141448312	0.424920355	0.6047768488
216	0.4789864768	1.16093883	0.4883535206	0.354644926	0.4142129943	0.4249434139	0.6048055871
217	0.4790320722	1.160903484	0.4882235529	0.3538280582	0.414229735	0.424988343	0.6048801099
218	0.4790456671	1.160851404	0.4901133667	0.3550042772	0.41427682	0.4249911096	0.6048455398
219	0.4790586347	1.16082526	0.4902554648	0.3550492084	0.414286431	0.4249969333	0.6048696217
220	0.4790818507	1.160779037	0.4898626553	0.355211117	0.4142878824	0.4250235056	0.604909123
221	0.479109668	1.160731037	0.4892179787	0.3548697138	0.414293504	0.4250623293	0.604933347
222	0.4791295376	1.160698095	0.4891836209	0.3558779603	0.4143190073	0.425072588	0.6049221367
223	0.479168231	1.160644552	0.4895230749	0.3554133333	0.4143781454	0.4251106815	0.6049368994
224	0.4791870548	1.160574799	0.4890201618	0.3557589951	0.4143698066	0.4251327685	0.6049404169
225	0.4791989765	1.160531923	0.488488746	0.3551580965	0.414343992	0.4251423958	0.6050275468
226	0.4792408071	1.160488419	0.4884229483	0.3556431845	0.4143965095	0.4251782555	0.6050699375
227	0.479263814	1.160414169	0.4868421053	0.3553342515	0.4144105712	0.4252154703	0.6050471163
228	0.4792976968	1.16034494	0.487028754	0.3564618644	0.4144795171	0.4252389255	0.6050542805
229	0.4793403641	1.160261592	0.4876677316	0.3572412332	0.4145333076	0.4252816063	0.6050904281
230	0.4793547957	1.160203761	0.4866760168	0.3562645749	0.4145082978	0.4252936958	0.6051087641
231	0.4793863778	1.160159839	0.4869576282	0.3565483089	0.4145911384	0.4253044159	0.6051079981
232	0.4794037375	1.160141747	0.4867886179	0.3562940372	0.4146696154	0.4253114547	0.6050637069
233	0.479412522	1.160098557	0.4867436255	0.3560693642	0.4146861031	0.4253147028	0.6050695986
234	0.4794482872	1.160057249	0.4916832175	0.3588412418	0.4147715582	0.4253303183	0.6050575291
235	0.479490327	1.160013746	0.491382517	0.3586178271	0.4148480656	0.4253693398	0.6050700014
236	0.4795183535	1.159963967	0.4911998017	0.3590408968	0.4148488908	0.4253857482	0.605135269
237	0.4795361315	1.159935522	0.4908325074	0.3589823468	0.4148708033	0.4253999574	0.6051492472
238	0.4795731517	1.15988543	0.4908865468	0.3586843744	0.4148571076	0.4254442877	0.6051927762
239	0.4796177013	1.159801664	0.4906732551	0.3588094991	0.4148954762	0.4254822448	0.6052588906
240	0.479658277	1.159739546	0.4896357169	0.3593100582	0.4149918481	0.4255146829	0.6053095559
241	0.47967731	1.159691022	0.4899262899	0.35954706	0.4150208494	0.4255296672	0.6053281149
242	0.4797044999	1.159633505	0.4905335628	0.3590541381	0.4150415144	0.4255653192	0.6053426521
243	0.479731899	1.159600354	0.4940803125	0.3599713496	0.4150637794	0.4255821902	0.6053615792
244	0.4797308532	1.159586341	0.4935523114	0.3606758833	0.4150428448	0.4255893666	0.6053332903
245	0.4797588798	1.159537085	0.493974437	0.3609886166	0.4150745539	0.4256200448	0.6053434144
246	0.4797812592	1.159493791	0.4936061381	0.3614457831	0.4150870307	0.4256403849	0.6053786467
247	0.4798055209	1.159402913	0.4942178941	0.3609076109	0.4150951864	0.4256566539	0.6054160819
248	0.4798291553	1.159357736	0.4941705125	0.3611054664	0.4151029032	0.425685443	0.6054277208
249	0.4798483974	1.159294781	0.4938795298	0.3605442177	0.4151096013	0.4257119348	0.6054314055
250	0.4798737049	1.159235068	0.4937167714	0.3604096948	0.4152107347	0.4257280801	0.6054213221
251	0.4798969209	1.159204636	0.4982057416	0.3624827858	0.4152979816	0.4257247328	0.6054264051
252	0.479929758	1.159130596	0.4987456696	0.3624187512	0.415312627	0.4257472469	0.6054871917
253	0.4799149081	1.159074857	0.4976127954	0.3627663773	0.4152463815	0.4257338668	0.6054846943
254	0.4799590394	1.159003012	0.4980303211	0.36255294	0.4152879979	0.4257691499	0.6055338446
255	0.4799851836	1.158946646	0.4979728118	0.362179172	0.4153277709	0.4257911832	0.605550796
256	0.4800519035	1.158869677	0.4974389518	0.362813576	0.4154062497	0.4258482922	0.6056124751
257	0.4800749103	1.158839977	0.4967289164	0.3629476584	0.4153932531	0.425872485	0.6056566271
258	0.4800991721	1.158806827	0.49726451	0.362922231	0.4154332412	0.4258929076	0.6056832884
259	0.4801098389	1.158753597	0.4974407809	0.3622093594	0.4154197104	0.4259012048	0.6057263864
260	0.4801462316	1.158715845	0.4964572508	0.3626567398	0.4154161349	0.4259441047	0.6057475855
261	0.4801562709	1.158684681	0.4961624749	0.3628188838	0.4154520705	0.4259594735	0.6057667349
262	0.4801763497	1.158649857	0.4958210712	0.362498778	0.4154690147	0.4259785764	0.6057846194
263	0.4801855524	1.158607608	0.4956388496	0.3623485737	0.4154642383	0.4259817811	0.6057977875
264	0.4802029121	1.158556993	0.4958062611	0.3618991908	0.4154576261	0.4260017979	0.6058152465
265	0.4802411872	1.158527189	0.4976498237	0.3623258985	0.4154933182	0.4260388252	0.6058295675
266	0.480258756	1.158482221	0.4969469234	0.3614141021	0.4154883077	0.4260591892	0.6058571398
267	0.4802679588	1.158447083	0.4964838256	0.3627661653	0.4155165548	0.4260609514	0.6058139308
268	0.4802802988	1.158398664	0.4970677926	0.3624279152	0.4155454794	0.4260802219	0.6057980774
269	0.4802786256	1.158354428	0.4970698547	0.3625696685	0.4155342018	0.426070344	0.6058189057
270	0.4802817629	1.158329539	0.4967259121	0.3623428516	0.4155062076	0.4260855752	0.6057883876
271	0.4802974494	1.158300362	0.4963835744	0.3616669905	0.4155524369	0.4261103674	0.6057261354
272	0.4803279858	1.158246923	0.4962651727	0.3618382781	0.4155631322	0.4261367466	0.6057696054
273	0.4803493194	1.158207184	0.4963222417	0.3615556202	0.4155910152	0.4261456328	0.6058116595
274	0.4803750453	1.158165458	0.4959216966	0.3620505863	0.4156391085	0.4261616547	0.6058388767
275	0.4804087189	1.158110242	0.4962081437	0.3614527845	0.4156679551	0.4261926191	0.6058777617
276	0.4804193857	1.158058372	0.4961511547	0.3614900822	0.415672124	0.4262106211	0.6058751423
277	0.4804605889	1.158006293	0.4963827305	0.3618567691	0.4156645311	0.4262633073	0.6058909846
278	0.4804800402	1.15796122	0.4960363721	0.3619269167	0.4156998272	0.4262701204	0.6059243808
279	0.480504302	1.157924932	0.4964392373	0.3630083674	0.4157508337	0.4262922221	0.6059182772
280	0.4805105766	1.157895755	0.495923757	0.3629817049	0.4157479268	0.4262935254	0.6059588661
281	0.4805448777	1.157866578	0.4966681985	0.3657425359	0.415813631	0.4263182802	0.6059544388
282	0.4805804338	1.157812721	0.496611143	0.3654478623	0.415805297	0.4263594489	0.6060213274
283	0.4806021857	1.157757819	0.4963311167	0.3648139198	0.4158334058	0.4263742281	0.6060442446
284	0.480587545	1.157727178	0.4945205479	0.3638728324	0.4158320875	0.4263641641	0.6060113641
285	0.4805975843	1.157708877	0.4943730817	0.3631558716	0.4158549455	0.4263706061	0.6060163108
286	0.4806500818	1.157636091	0.4945590569	0.3642727011	0.4159420735	0.4264102903	0.6060664864
287	0.4806657683	1.157587881	0.4939404236	0.3639498132	0.4159092508	0.4264247758	0.6061136503
288	0.4806787358	1.157549711	0.4938830992	0.364193394	0.415904479	0.4264391519	0.6061390863
289	0.4806910758	1.157523253	0.4933182333	0.363714696	0.4158875278	0.4264508679	0.6061920636
290	0.4806921216	1.157497423	0.492819179	0.3637320574	0.4159065894	0.426451237	0.6061706245
291	0.4807105271	1.157462076	0.492545742	0.3631145973	0.4159286153	0.4264725902	0.6061781869
292	0.4807395994	1.157424114	0.4925892657	0.3643048128	0.4159430125	0.4264980269	0.6062234267
293	0.4807667893	1.157371199	0.4924887892	0.3642010703	0.415983274	0.4265203351	0.6062443557
294	0.4807906328	1.157324244	0.4927097353	0.3638100697	0.4159980478	0.4265502877	0.6062585898
295	0.4808012996	1.157290988	0.492875575	0.3636624021	0.415985332	0.4265589836	0.6062753023
296	0.4808339275	1.157249785	0.4918307968	0.3628107075	0.4160189883	0.4266042258	0.6062854584
297	0.4808575618	1.157214229	0.4925423349	0.3629700143	0.4160676441	0.426625493	0.6062891908
298	0.4808778497	1.157176163	0.492829935	0.3645268664	0.4160856669	0.426641043	0.6063225143
299	0.4808954186	1.157150333	0.4922853309	0.3644228941	0.4161226529	0.4266516651	0.606355673
300	0.4809207261	1.157088737	0.4922870557	0.363956253	0.416122163	0.4266735921	0.6063941275
301	0.4809585828	1.157033312	0.4923574696	0.3639303719	0.4161788206	0.4267114141	0.6064106454
302	0.4810016684	1.156970356	0.4924124079	0.364630898	0.4161829933	0.4267581131	0.6064708303
303	0.4810424533	1.156906251	0.4917649677	0.3648815752	0.4162923937	0.4267954347	0.6064750389
304	0.4810729897	1.156861388	0.4914558367	0.3648699943	0.4163195614	0.4268110176	0.6065389436
305	0.4811049901	1.156824577	0.4915122601	0.3643609451	0.4163577786	0.4268376103	0.6065657732
306	0.4811240231	1.156776158	0.4914032169	0.3648866547	0.4163912006	0.4268588544	0.6065640233
307	0.4811367814	1.156744785	0.4914596273	0.3649392559	0.4163966589	0.4268764186	0.6065731784
308	0.4811740107	1.156703895	0.4914709792	0.3650431976	0.4164488514	0.4269061887	0.6066085537
309	0.4811777755	1.156679947	0.4916961913	0.3655689475	0.4163921085	0.4269135068	0.6066264094
310	0.4812097759	1.156617515	0.4908124862	0.3654629893	0.4163978793	0.4269463362	0.606666783
311	0.4812608093	1.156553723	0.4905430815	0.3654793482	0.4165018547	0.4269921715	0.6067007019
312	0.4812838162	1.15652005	0.4984144341	0.3684460036	0.4165652887	0.426984208	0.6066804472
313	0.4813076596	1.156489931	0.4981445099	0.3683661865	0.4165873755	0.4270024832	0.6066782659
314	0.4813166532	1.156448519	0.4981988866	0.3689044598	0.416603762	0.4270166785	0.6066691448
315	0.4813388235	1.15641129	0.4978199259	0.3697916667	0.4166253428	0.4270309552	0.6066882303
316	0.4813881836	1.156354505	0.4979902227	0.3699279484	0.4166448917	0.4270687626	0.6067720442
317	0.4814055434	1.156336204	0.4979897859	0.3698435277	0.4166393707	0.4270869488	0.6068035262
318	0.4814438184	1.156254843	0.4962170342	0.3694231316	0.4167249624	0.4271259743	0.6068257938
319	0.4814634788	1.156207261	0.4965390439	0.370145861	0.4167613665	0.4271324365	0.6068874947
320	0.4814808385	1.15616313	0.496112311	0.3704018913	0.4168096557	0.4271467025	0.6068891333
321	0.481491087	1.156120985	0.4960604425	0.3703528521	0.416836799	0.4271557292	0.6068886615
322	0.4814990349	1.156104357	0.4958989855	0.3706505295	0.4168425208	0.4271639891	0.6068992266
323	0.4815222509	1.156081351	0.4997844828	0.3707165109	0.4168791829	0.4271764092	0.6069040486
324	0.4815435845	1.156043076	0.4999463922	0.3702454562	0.4168904801	0.427204335	0.6069431116
325	0.48154965	1.156028749	0.5011822872	0.3698476493	0.4169031783	0.4272050091	0.6069471418
326	0.4815628266	1.155982003	0.5012875536	0.3700271459	0.41691026	0.427217187	0.6069498639
327	0.4815862518	1.155964643	0.5011797512	0.369868138	0.4169185329	0.4272299261	0.607003066
328	0.4815969186	1.155929192	0.501233244	0.3698374136	0.4169401734	0.4272352517	0.6070090398
329	0.4815864609	1.155903884	0.5011797512	0.370176586	0.4169539549	0.4272272556	0.6069722377
330	0.4816059122	1.155893008	0.5008041171	0.3697173244	0.4170122578	0.4272427102	0.6069499147
331	0.481642514	1.155861844	0.5005353319	0.370380713	0.4169747906	0.4272678894	0.607067519
332	0.4816437689	1.155835073	0.4998930939	0.3709029788	0.4170186616	0.4272647407	0.6070074773
333	0.481652135	1.155805687	0.5029780898	0.3709343862	0.4170385804	0.4272656372	0.6070023223
334	0.4816699131	1.155783621	0.5022773011	0.3716730932	0.417011935	0.4272916096	0.6070005714
335	0.4816876911	1.155750993	0.5022255193	0.3714742384	0.4170665831	0.4273075291	0.6069928447
336	0.4817000311	1.155719202	0.5011605824	0.3717562994	0.4170988451	0.4273233367	0.6069624552
337	0.4817173909	1.155681554	0.5014229999	0.3716972261	0.4170733883	0.4273442709	0.6070019889
338	0.4817192732	1.155668482	0.5021088148	0.371657754	0.4171001595	0.4273420492	0.6070047156
339	0.4817406069	1.155615671	0.501474305	0.3713021841	0.4171224487	0.427363748	0.6070297202
340	0.4817719799	1.155572376	0.5016314072	0.3712260677	0.4171527242	0.4273896811	0.6070667961
341	0.4817774178	1.155541317	0.5018411362	0.371116014	0.4171970828	0.4273875385	0.6070574824
342	0.4817805551	1.155524585	0.5018415237	0.3710610932	0.4172037171	0.427389913	0.6070424292
343	0.4817920586	1.155503878	0.5015769554	0.3706357957	0.4172053648	0.4274005537	0.6070622816
344	0.4818292879	1.155480976	0.5012055771	0.3710905255	0.4172297211	0.4274512566	0.6070664788
345	0.4818397455	1.1554541	0.5005239992	0.3713997432	0.4172147712	0.4274753263	0.607054229
346	0.4818543862	1.155407145	0.5004717476	0.3712975699	0.417231434	0.4274856669	0.6070936069
347	0.4819075112	1.155351824	0.5004199916	0.3718242685	0.4173109008	0.4275317159	0.6071431923
348	0.4819242434	1.155318987	0.5010513036	0.3721356554	0.4173343471	0.4275461796	0.6071639277
349	0.4819265441	1.155286673	0.5008406894	0.3721377542	0.4173475729	0.4275446599	0.6071686207
350	0.4819426489	1.155259901	0.5021504248	0.372187012	0.4173260325	0.4275498216	0.6072212046
351	0.4819568713	1.155221731	0.5020981956	0.3719327268	0.4173073398	0.4275590304	0.6072670369
352	0.4820089505	1.155164214	0.5020986359	0.3723834007	0.4174048712	0.4276072189	0.6072828027
353	0.4820390686	1.155114749	0.5019414419	0.3721186519	0.4174620281	0.427636552	0.6072962999
354	0.4820491079	1.155062147	0.5022534326	0.3716123105	0.4174362054	0.4276505472	0.607328102
355	0.482066886	1.155018538	0.501886397	0.3720161586	0.4174687499	0.427653312	0.6073463275
356	0.4820836182	1.154991244	0.5013615417	0.3725418122	0.4175199249	0.4276642467	0.6073508721
357	0.4820907294	1.154969701	0.5014143531	0.3723453158	0.4175444576	0.4276688672	0.6073463861
358	0.4820917752	1.154932053	0.5008359457	0.3722661276	0.4174540295	0.4276742834	0.6074406873
359	0.4821279587	1.15487485	0.5005227938	0.3716253444	0.4175020878	0.4277068878	0.60747443
360	0.4821532663	1.154825176	0.5	0.37177486	0.4175358155	0.4277356277	0.6074818107
361	0.4821769006	1.154803738	0.4991152285	0.3720844812	0.4175746116	0.4277546524	0.6074862202
362	0.482196561	1.154766718	0.49932341	0.3721783814	0.4175994815	0.427772542	0.6075029024
363	0.4822273065	1.154741306	0.4992217495	0.3722661276	0.4175905705	0.4278039464	0.607568988
364	0.4822465486	1.154708678	0.4993774642	0.3726445445	0.4176144267	0.4278170454	0.6075894976
365	0.482258052	1.154693096	0.499636741	0.3724770642	0.4176316274	0.4278258185	0.6075862485
366	0.4822745751	1.154665697	0.4998442853	0.3725813847	0.4176349757	0.4278417006	0.6076109812
367	0.482292144	1.154635683	0.499689441	0.3716352316	0.4176152426	0.4278736075	0.6076254975
368	0.4823103403	1.154605565	0.4996385418	0.3716797948	0.4176432316	0.4278851772	0.60763571
369	0.4823028108	1.154569905	0.4990199113	0.3714023831	0.4176186937	0.4278787351	0.6076262395
370	0.482305739	1.154547943	0.4978510029	0.3728984842	0.4176625509	0.4278750076	0.6075894996
371	0.4823220529	1.154504021	0.4978501229	0.3731288456	0.4176558354	0.4278937336	0.607609424
372	0.4823429683	1.154472335	0.4981572482	0.3731658107	0.417693115	0.4279176635	0.6076282902
373	0.4823421316	1.154452988	0.4984631148	0.3731439047	0.4176641724	0.4279246509	0.6076250493
374	0.4823605371	1.154400177	0.4977991606	0.3732000367	0.4177395444	0.4279291045	0.6076334538
375	0.4823716223	1.154356359	0.4972906656	0.3732026742	0.4177335134	0.4279434142	0.6076513761
376	0.4823741321	1.154324568	0.4976501839	0.3730252945	0.417723754	0.4279402476	0.6076665409
377	0.4824080149	1.154285456	0.4985235719	0.373308958	0.4177607139	0.4279735238	0.6076785877
378	0.482421819	1.154250528	0.4982713036	0.3736062877	0.417776869	0.4279806507	0.6076993995
379	0.4824316492	1.154235155	0.4986273513	0.3739035088	0.4178396719	0.427987881	0.607646374
380	0.4824391788	1.154197298	0.4994915599	0.3744968899	0.4178029995	0.4279818302	0.6076995635
381	0.4824680419	1.15416352	0.4993389606	0.3747141158	0.4178417529	0.4280020852	0.6077352286
382	0.4824831009	1.154138735	0.4994425864	0.3750573552	0.4178617454	0.4280243143	0.6077241995
383	0.4825117549	1.154103284	0.506910118	0.3769441903	0.4179239233	0.4280316379	0.6077065454
384	0.4825312062	1.154083728	0.5072229518	0.3772739739	0.4179294757	0.4280454082	0.6077453697
385	0.4825498208	1.154059884	0.5072214928	0.377548222	0.417942646	0.4280637534	0.6077525746
386	0.4825583961	1.154036041	0.509487283	0.3767826324	0.4179713244	0.4280620153	0.6077892112
387	0.4825761741	1.153976014	0.5095271701	0.3760901163	0.4179400289	0.4280899302	0.6078231956
388	0.4825901874	1.153948719	0.5094758065	0.3760792511	0.4179572459	0.4280980798	0.6078449633
389	0.4826192597	1.153885241	0.5095175748	0.3770878722	0.417965785	0.4281194299	0.6078891021
390	0.4826290899	1.15386945	0.5094927172	0.376894455	0.4179691863	0.4281284493	0.607905615
391	0.4826502144	1.153823855	0.509238803	0.3766563805	0.4180330469	0.4281402832	0.6079087098
392	0.482661927	1.153797083	0.509595097	0.376960029	0.4180422927	0.4281536329	0.6079162234
393	0.4826776135	1.15376456	0.5091255515	0.3774269643	0.4180712757	0.4281692834	0.6079148932
394	0.4827008295	1.153735069	0.509271324	0.3771786492	0.41804331	0.4281912737	0.6079625952
395	0.4827430784	1.153692297	0.5099178521	0.3775741631	0.4180948201	0.4282325197	0.6079898185
396	0.482754791	1.153658206	0.5104698928	0.3767576885	0.4181153603	0.4282474252	0.6079951772
397	0.4827608565	1.153633421	0.5101754386	0.376960029	0.4181146002	0.4282496223	0.6080210071
398	0.4827715233	1.153612506	0.5091362956	0.37676951	0.4181251015	0.4282608783	0.6080329571
399	0.4827857457	1.153599538	0.5093718843	0.3780056256	0.418122214	0.4282802064	0.6080343979
400	0.4828056153	1.153560217	0.5091126382	0.3778705637	0.4181646888	0.4282954391	0.6080868229
401	0.4828087526	1.153541707	0.5095991246	0.3788386629	0.4181824638	0.4282978588	0.6080678475
402	0.4828436812	1.153490883	0.5099601594	0.3787823881	0.4182081214	0.4283324774	0.6080994806
403	0.4828518381	1.153467876	0.5104135526	0.3781467112	0.4181864511	0.4283409216	0.6081096741
404	0.4828518381	1.153440477	0.5109161599	0.377462002	0.418183663	0.4283270585	0.6081296696
405	0.4828627141	1.153412346	0.5110667996	0.3772040302	0.4181518261	0.4283493836	0.6081249334
406	0.4828784006	1.153393627	0.5104114775	0.3771479982	0.4181939886	0.4283671819	0.6081221001
407	0.4829095644	1.15337679	0.509762901	0.3780081118	0.4182384915	0.4284021519	0.6081078728
408	0.4829388459	1.153358071	0.5099014827	0.3782589084	0.4182687798	0.4284248647	0.6081323938
409	0.4829641534	1.153313312	0.509917273	0.3782420749	0.4183023271	0.4284492466	0.6081494481
410	0.482984023	1.153277024	0.510059761	0.3787728624	0.4183234262	0.428458865	0.6081598742
411	0.4829825589	1.153242932	0.5106701237	0.3781255622	0.4183188423	0.4284514211	0.6081756712
412	0.483001801	1.15321867	0.5116232863	0.3790286381	0.418349075	0.4284664104	0.6081748181
413	0.4830156051	1.153198905	0.5115701659	0.3786381603	0.4183858377	0.4284823817	0.6081692792
414	0.4830415401	1.153157911	0.5109655651	0.3784899901	0.4184415765	0.4285056801	0.6081915974
415	0.4830578541	1.153135113	0.510775648	0.3783759533	0.4184259286	0.4285304782	0.6082500457
416	0.4830750047	1.153104786	0.5109105336	0.3788747536	0.4184054052	0.4285525105	0.6082776362
417	0.4830980115	1.153039216	0.5103680921	0.3786902845	0.4184283106	0.4285744857	0.6083023668
418	0.4831279204	1.153004392	0.510363979	0.3782314138	0.418487944	0.4286013086	0.6083185984
419	0.483136914	1.152984314	0.5104590066	0.3786554922	0.418494871	0.4285990007	0.6083289595
420	0.4831544829	1.152946457	0.5103051922	0.3784241992	0.4184897957	0.4286269819	0.6083321284
421	0.4831799996	1.152921672	0.5101030111	0.3787256827	0.4185193767	0.4286431408	0.6083598574
422	0.4832094902	1.152871685	0.5098583176	0.3792272687	0.4185703777	0.4286597545	0.6084072811
423	0.4832354252	1.152806847	0.5096001584	0.3787351708	0.4185740328	0.4286902834	0.6084324728
424	0.4832408632	1.152789801	0.5090765588	0.3786026591	0.4185543047	0.4286931064	0.6084661929
425	0.4832732819	1.152766585	0.5099802372	0.3789933964	0.4186979464	0.4287024503	0.6084508796
426	0.4832845762	1.152743997	0.5101798774	0.3788149206	0.4187166046	0.4287103041	0.6084591809
427	0.4832824847	1.152724127	0.5105185185	0.379051701	0.4187185696	0.4287217507	0.6084156971
428	0.483296498	1.152701016	0.5100306354	0.3789840193	0.4187110761	0.4287395691	0.6084765845
429	0.4832854128	1.152679264	0.5095233396	0.3787336791	0.4186983381	0.4287353573	0.60845107
430	0.4832879227	1.152624779	0.5098368759	0.3786971674	0.4186527448	0.4287315467	0.6084937298
431	0.4833199231	1.15258002	0.5086164451	0.378397711	0.4186978086	0.4287626058	0.6085372923
432	0.4833176224	1.152545406	0.5088565243	0.3780280683	0.4187293745	0.4287494401	0.6085810092
433	0.4833571524	1.152510059	0.5090408805	0.3789999109	0.418795235	0.4287752383	0.608620311
434	0.4833751396	1.152469692	0.5081340651	0.3795652949	0.4187770783	0.4287961478	0.608651636
435	0.4834142512	1.152414894	0.5085160532	0.3792089792	0.4188372902	0.4288328172	0.6086656124
436	0.4834477158	1.152376096	0.5083235409	0.3793533446	0.4188683301	0.4288724186	0.6086980391
437	0.483457546	1.152347965	0.5082753893	0.3795620438	0.4189081888	0.4288792886	0.60868887
438	0.4834813894	1.152325481	0.5077299413	0.3796172675	0.4189380876	0.4289044054	0.6087132046
439	0.4835112984	1.152304147	0.5082111437	0.3798718633	0.4189925059	0.4289297453	0.6087030155
440	0.483535351	1.152248722	0.5082608271	0.3796634316	0.4190415269	0.4289514369	0.6087161699
441	0.4835313771	1.152226029	0.5075669383	0.3809183491	0.4190509783	0.4289387893	0.6087158214
442	0.4835518741	1.15218995	0.5075191617	0.3805017409	0.4190412027	0.4289645156	0.6087359587
443	0.483564005	1.152164642	0.5077564475	0.3807908596	0.4190535649	0.4289696002	0.6087696644
444	0.4835604494	1.152135151	0.5070736434	0.3808504948	0.4189864301	0.4289813017	0.6087772885
445	0.4835805281	1.152114654	0.5067829457	0.3811563169	0.4189996437	0.4289979772	0.6088147797
446	0.4835801098	1.152084118	0.5065324688	0.3811266851	0.4189844019	0.4289992357	0.6088337938
447	0.4836142018	1.152053895	0.5068254429	0.3815601571	0.4190063649	0.4290252824	0.6088809447
448	0.483633653	1.152024405	0.5066731141	0.3817093864	0.4190496515	0.4290393971	0.6088877464
449	0.4836397185	1.151993659	0.5066305295	0.3817646008	0.4190490019	0.4290467532	0.6088947589
450	0.4836428558	1.151983411	0.507174714	0.3812712016	0.4190629343	0.4290528166	0.6088802257
451	0.4836416008	1.151956012	0.5073629142	0.3811819318	0.4190582201	0.4290495688	0.6089093301
452	0.4836583331	1.151934469	0.5083566805	0.3802087902	0.4191092371	0.4290520545	0.6089320586
453	0.4836700457	1.151916273	0.5087040619	0.380126183	0.4191102679	0.429067329	0.6089318982
454	0.4836876146	1.151898599	0.5096256167	0.3797900262	0.4191253519	0.4290848727	0.6089478483
455	0.4837185692	1.151847252	0.5092368701	0.3794701408	0.4191397271	0.4291204888	0.6089842843
456	0.4837497331	1.151792558	0.5098928675	0.3799073184	0.4192444851	0.4291378824	0.6089811557
457	0.4837484781	1.151767042	0.5094248429	0.379352474	0.4192459726	0.4291290141	0.6090064557
